[
    {
        "name": "La primera cuestión",
        "year": 2000,
        "director": "Nombre Apellido",
        "pic_sm": "foto-1-chica.jpg",
        "pic_lg": "foto-1-grande.jpg",
        "trailer": "https://youtu.be/BApEMYvtiDc",
        "description": "Lorem ipsum dolor sit amet, consectetur adipiscing elit. Mauris vel enim vitae dolor suscipit mollis at eget elit. Pellentesque mattis, arcu non dignissim mollis, velit risus imperdiet felis, maximus venenatis felis felis eu dui. Nunc dui tellus, maximus a eleifend tempus, porta eget tortor. Vivamus sed auctor tellus. Vestibulum finibus massa ex, eget tempor nisi efficitur et. Vivamus sodales est venenatis metus fermentum hendrerit. Donec sollicitudin a leo quis euismod. Aliquam enim lacus, cursus non pharetra vitae, fermentum in justo. Integer consectetur sed augue nec porta. Morbi ornare blandit sem. Fusce ex nisi, interdum non gravida sed, sollicitudin eget quam. Mauris in lobortis arcu, id ultricies turpis."
    },
    {
        "name": "La segunda cuestión",
        "year": 2002,
        "director": "Nombre Apellido",
        "pic_sm": "foto-1-chica.jpg",
        "pic_lg": "foto-1-grande.jpg",
        "trailer": "https://youtu.be/BApEMYvtiDc",
        "description": "Lorem ipsum dolor sit amet, consectetur adipiscing elit. Mauris vel enim vitae dolor suscipit mollis at eget elit. Pellentesque mattis, arcu non dignissim mollis, velit risus imperdiet felis, maximus venenatis felis felis eu dui. Nunc dui tellus, maximus a eleifend tempus, porta eget tortor. Vivamus sed auctor tellus. Vestibulum finibus massa ex, eget tempor nisi efficitur et. Vivamus sodales est venenatis metus fermentum hendrerit. Donec sollicitudin a leo quis euismod. Aliquam enim lacus, cursus non pharetra vitae, fermentum in justo. Integer consectetur sed augue nec porta. Morbi ornare blandit sem. Fusce ex nisi, interdum non gravida sed, sollicitudin eget quam. Mauris in lobortis arcu, id ultricies turpis."
    },
    {
        "name": "La tercera cuestión",
        "year": 2004,
        "director": "Nombre Apellido",
        "pic_sm": "foto-1-chica.jpg",
        "pic_lg": "foto-1-grande.jpg",
        "trailer": "https://youtu.be/BApEMYvtiDc",
        "description": "Lorem ipsum dolor sit amet, consectetur adipiscing elit. Mauris vel enim vitae dolor suscipit mollis at eget elit. Pellentesque mattis, arcu non dignissim mollis, velit risus imperdiet felis, maximus venenatis felis felis eu dui. Nunc dui tellus, maximus a eleifend tempus, porta eget tortor. Vivamus sed auctor tellus. Vestibulum finibus massa ex, eget tempor nisi efficitur et. Vivamus sodales est venenatis metus fermentum hendrerit. Donec sollicitudin a leo quis euismod. Aliquam enim lacus, cursus non pharetra vitae, fermentum in justo. Integer consectetur sed augue nec porta. Morbi ornare blandit sem. Fusce ex nisi, interdum non gravida sed, sollicitudin eget quam. Mauris in lobortis arcu, id ultricies turpis."
    },
    {
        "name": "La cuarta cuestión",
        "year": 2008,
        "director": "Nombre Apellido",
        "pic_sm": "foto-1-chica.jpg",
        "pic_lg": "foto-1-grande.jpg",
        "trailer": "https://youtu.be/BApEMYvtiDc",
        "description": "Lorem ipsum dolor sit amet, consectetur adipiscing elit. Mauris vel enim vitae dolor suscipit mollis at eget elit. Pellentesque mattis, arcu non dignissim mollis, velit risus imperdiet felis, maximus venenatis felis felis eu dui. Nunc dui tellus, maximus a eleifend tempus, porta eget tortor. Vivamus sed auctor tellus. Vestibulum finibus massa ex, eget tempor nisi efficitur et. Vivamus sodales est venenatis metus fermentum hendrerit. Donec sollicitudin a leo quis euismod. Aliquam enim lacus, cursus non pharetra vitae, fermentum in justo. Integer consectetur sed augue nec porta. Morbi ornare blandit sem. Fusce ex nisi, interdum non gravida sed, sollicitudin eget quam. Mauris in lobortis arcu, id ultricies turpis."
    },
    {
        "name": "La quinta cuestión",
        "year": 2010,
        "director": "Nombre Apellido",
        "pic_sm": "foto-1-chica.jpg",
        "pic_lg": "foto-1-grande.jpg",
        "trailer": "https://youtu.be/BApEMYvtiDc",
        "description": "Lorem ipsum dolor sit amet, consectetur adipiscing elit. Mauris vel enim vitae dolor suscipit mollis at eget elit. Pellentesque mattis, arcu non dignissim mollis, velit risus imperdiet felis, maximus venenatis felis felis eu dui. Nunc dui tellus, maximus a eleifend tempus, porta eget tortor. Vivamus sed auctor tellus. Vestibulum finibus massa ex, eget tempor nisi efficitur et. Vivamus sodales est venenatis metus fermentum hendrerit. Donec sollicitudin a leo quis euismod. Aliquam enim lacus, cursus non pharetra vitae, fermentum in justo. Integer consectetur sed augue nec porta. Morbi ornare blandit sem. Fusce ex nisi, interdum non gravida sed, sollicitudin eget quam. Mauris in lobortis arcu, id ultricies turpis."
    },
    {
        "name": "La sexta cuestión",
        "year": 2012,
        "director": "Nombre Apellido",
        "pic_sm": "foto-1-chica.jpg",
        "pic_lg": "foto-1-grande.jpg",
        "trailer": "https://youtu.be/BApEMYvtiDc",
        "description": "Lorem ipsum dolor sit amet, consectetur adipiscing elit. Mauris vel enim vitae dolor suscipit mollis at eget elit. Pellentesque mattis, arcu non dignissim mollis, velit risus imperdiet felis, maximus venenatis felis felis eu dui. Nunc dui tellus, maximus a eleifend tempus, porta eget tortor. Vivamus sed auctor tellus. Vestibulum finibus massa ex, eget tempor nisi efficitur et. Vivamus sodales est venenatis metus fermentum hendrerit. Donec sollicitudin a leo quis euismod. Aliquam enim lacus, cursus non pharetra vitae, fermentum in justo. Integer consectetur sed augue nec porta. Morbi ornare blandit sem. Fusce ex nisi, interdum non gravida sed, sollicitudin eget quam. Mauris in lobortis arcu, id ultricies turpis."
    },
    {
        "name": "La séptima cuestión",
        "year": 2014,
        "director": "Nombre Apellido",
        "pic_sm": "foto-1-chica.jpg",
        "pic_lg": "foto-1-grande.jpg",
        "trailer": "https://youtu.be/BApEMYvtiDc",
        "description": "Lorem ipsum dolor sit amet, consectetur adipiscing elit. Mauris vel enim vitae dolor suscipit mollis at eget elit. Pellentesque mattis, arcu non dignissim mollis, velit risus imperdiet felis, maximus venenatis felis felis eu dui. Nunc dui tellus, maximus a eleifend tempus, porta eget tortor. Vivamus sed auctor tellus. Vestibulum finibus massa ex, eget tempor nisi efficitur et. Vivamus sodales est venenatis metus fermentum hendrerit. Donec sollicitudin a leo quis euismod. Aliquam enim lacus, cursus non pharetra vitae, fermentum in justo. Integer consectetur sed augue nec porta. Morbi ornare blandit sem. Fusce ex nisi, interdum non gravida sed, sollicitudin eget quam. Mauris in lobortis arcu, id ultricies turpis."
    },
    {
        "name": "La octava cuestión",
        "year": 2016,
        "director": "Nombre Apellido",
        "pic_sm": "foto-1-chica.jpg",
        "pic_lg": "foto-1-grande.jpg",
        "trailer": "https://youtu.be/BApEMYvtiDc",
        "description": "Lorem ipsum dolor sit amet, consectetur adipiscing elit. Mauris vel enim vitae dolor suscipit mollis at eget elit. Pellentesque mattis, arcu non dignissim mollis, velit risus imperdiet felis, maximus venenatis felis felis eu dui. Nunc dui tellus, maximus a eleifend tempus, porta eget tortor. Vivamus sed auctor tellus. Vestibulum finibus massa ex, eget tempor nisi efficitur et. Vivamus sodales est venenatis metus fermentum hendrerit. Donec sollicitudin a leo quis euismod. Aliquam enim lacus, cursus non pharetra vitae, fermentum in justo. Integer consectetur sed augue nec porta. Morbi ornare blandit sem. Fusce ex nisi, interdum non gravida sed, sollicitudin eget quam. Mauris in lobortis arcu, id ultricies turpis."
    }
]